--------------------------------------------------------
--  DDL for Table PRODUCTOS
--------------------------------------------------------

CREATE TABLE PRODUCTOS 
(
	PRODUCTOS_ID INT,
	PRODUCTOS_NAME VARCHAR,
	PRODUCTOS_DIMENSION VARCHAR,
	PRODUCTOS_UNIDAD INT,	
	PRODUCTOS_PRECIO NUMERIC(8,2),
	PRODUCTOS_ESPESOR INT,
);

INSERT INTO PRODUCTOS VALUES (1620,'Platina','1/2 ' ,1 ,13.00,1);
INSERT INTO PRODUCTOS VALUES (1630,'Platina','3/4 ' ,1 ,19.00,1);
INSERT INTO PRODUCTOS VALUES (1640,'Platina','1 ' ,1 ,25.00,1);
INSERT INTO PRODUCTOS VALUES (1650,'Platina','1 1/2 ' ,1 ,38.00,1);
INSERT INTO PRODUCTOS VALUES (1670,'Platina','2 ' ,1 ,47.00,1);
INSERT INTO PRODUCTOS VALUES (5504,'Tubo Redondo','5/16 ' ,1 ,5.00,1);
INSERT INTO PRODUCTOS VALUES (5525,'Tubo Redondo','3/8 ' ,1 ,6.80,1);
INSERT INTO PRODUCTOS VALUES (5520,'Tubo Redondo','1/2 ' ,1 ,11.00,1);
INSERT INTO PRODUCTOS VALUES (5524,'Tubo Redondo','5/8 ' ,1 ,13.00,1);
INSERT INTO PRODUCTOS VALUES (5541,'Tubo Redondo','3/4 ' ,1 ,13.50,2);
INSERT INTO PRODUCTOS VALUES (5544,'Tubo Redondo','3/4 ' ,1 ,28.00,3);
INSERT INTO PRODUCTOS VALUES (5559,'Tubo Redondo','7/8 ' ,1 ,18.00,1);
INSERT INTO PRODUCTOS VALUES (5584,'Tubo Redondo','1 ' ,1 ,20.00,2);
INSERT INTO PRODUCTOS VALUES (5582,'Tubo Redondo','1 ' ,1 ,32.00,3);
INSERT INTO PRODUCTOS VALUES (5568,'Tubo Redondo','1 ' ,1 ,48.00,4);
INSERT INTO PRODUCTOS VALUES (5607,'Tubo Redondo','1 1/4 ' ,1 ,48.00,2);
INSERT INTO PRODUCTOS VALUES (5609,'Tubo Redondo','1 1/4 ' ,1 ,68.00,3);
INSERT INTO PRODUCTOS VALUES (5608,'Tubo Redondo','1 1/4 ' ,1 ,72.00,4);
INSERT INTO PRODUCTOS VALUES (5611,'Tubo Redondo','1 1/4 ' ,1 ,98.00,5);
INSERT INTO PRODUCTOS VALUES (5638,'Tubo Redondo','1 1/4 ' ,1 ,68.00,1);
INSERT INTO PRODUCTOS VALUES (5680,'Tubo Redondo','2 ' ,1 ,72.00,1);
INSERT INTO PRODUCTOS VALUES (5407,'Tubo Cuadrado','3/4 ' ,1 ,17.00,1);
INSERT INTO PRODUCTOS VALUES (5315,'Tubo Cuadrado','7/8 ' ,1 ,21.00,1);
INSERT INTO PRODUCTOS VALUES (5310,'Tubo Cuadrado','1 ' ,1 ,27.00,2);
INSERT INTO PRODUCTOS VALUES (5316,'Tubo Cuadrado','1 ' ,1 ,41.00,3);
INSERT INTO PRODUCTOS VALUES (5211,'Tubo Cuadrado','1 ' ,1 ,43.00,4);
INSERT INTO PRODUCTOS VALUES (5213,'Tubo Cuadrado','1 1/4 ' ,1 ,25.00,2);
INSERT INTO PRODUCTOS VALUES (5214,'Tubo Cuadrado','1 1/4 ' ,1 ,34.00,3);
INSERT INTO PRODUCTOS VALUES (5414,'Tubo Cuadrado','1 1/2 ' ,1 ,32.00,6);
INSERT INTO PRODUCTOS VALUES (5415,'Tubo Cuadrado','1 1/2 ' ,1 ,46.00,2);
INSERT INTO PRODUCTOS VALUES (5416,'Tubo Cuadrado','1 1/2 ' ,1 ,52.00,3);
INSERT INTO PRODUCTOS VALUES (5217,'Tubo Cuadrado','1 1/2 ' ,1 ,80.00,4);
INSERT INTO PRODUCTOS VALUES (5115,'Tubo Cuadrado','1 1/2 ' ,1 ,83.00,5);
INSERT INTO PRODUCTOS VALUES (5222,'Tubo Cuadrado','2 ' ,1 ,96.00,3);
INSERT INTO PRODUCTOS VALUES (2038,'Tubo Cuadrado Con Doble Aleta','1 ' ,1 ,28.00,1);
INSERT INTO PRODUCTOS VALUES (2034,'Tubo Cuadrado Con Doble Aleta En Angulo','7/8 ' ,1 ,28.00,1);
INSERT INTO PRODUCTOS VALUES (2035,'Tubo Cuadrado Con Aleta','7/8 ' ,1 ,28.00,1);
INSERT INTO PRODUCTOS VALUES (2039,'Tubo Cuadrado Con Aleta','3/4 ' ,1 ,24.00,1);
INSERT INTO PRODUCTOS VALUES (5220,'Tubo Regla','2 x 1/2 ' ,1 ,36.00,1);
INSERT INTO PRODUCTOS VALUES (5225,'Tubo Rectangular','2 x 1 ' ,1 ,32.00,2);
INSERT INTO PRODUCTOS VALUES (5221,'Tubo Rectangular','2 x 1 ' ,1 ,44.00,3);
INSERT INTO PRODUCTOS VALUES (5223,'Tubo Rectangular','2 x 1 ' ,1 ,59.00,4);
INSERT INTO PRODUCTOS VALUES (7852,'Tubo Rectangular','2 3/16 x 1 ' ,1 ,26.00,6);
INSERT INTO PRODUCTOS VALUES (7851,'Tubo Rectangular','2 3/16 x 1 ' ,1 ,45.00,2);
INSERT INTO PRODUCTOS VALUES (7850,'Tubo Rectangular','2 3/16 x 1 ' ,1 ,63.00,3);
INSERT INTO PRODUCTOS VALUES (5224,'Tubo Rectangular','2 3/16 x 1 ' ,1 ,75.00,4);
INSERT INTO PRODUCTOS VALUES (8148,'Tubo Rectangular','3 x 1 3/4 ' ,1 ,155.00,1);
INSERT INTO PRODUCTOS VALUES (8650,'Tubo Rectangular','3 x 1 ' ,1 ,52.00,3);
INSERT INTO PRODUCTOS VALUES (8658,'Tubo Rectangular','3 x 1 1/2 ' ,1 ,138.00,4);
INSERT INTO PRODUCTOS VALUES (5142,'Tubo Rectangular','4 x 1 1/2 ' ,1 ,115.00,3);
INSERT INTO PRODUCTOS VALUES (5145,'Tubo Rectangular','4 x 1 1/2 ' ,1 ,170.00,4);
INSERT INTO PRODUCTOS VALUES (5281,'Tubo Multiple','Precor',4,45.00,1);
INSERT INTO PRODUCTOS VALUES (5283,'Tubo Multiple','Estandar',1,40.00,2);
INSERT INTO PRODUCTOS VALUES (5284,'Tubo Multiple','Doble P/F',5,40.00,2);
INSERT INTO PRODUCTOS VALUES (4100,'Angulo','11 ' ,2,4.00,1);
INSERT INTO PRODUCTOS VALUES (4104,'Angulo','1/2 ' ,1 ,5.00,2);
INSERT INTO PRODUCTOS VALUES (4103,'Angulo','1/2 ' ,1 ,8.50,3);
INSERT INTO PRODUCTOS VALUES (4107,'Angulo','3/4 ' ,1 ,9.50,2);
INSERT INTO PRODUCTOS VALUES (4106,'Angulo','3/4 ' ,1 ,14.00,3);
INSERT INTO PRODUCTOS VALUES (4108,'Angulo','3/4 ' ,1 ,17.00,4);
INSERT INTO PRODUCTOS VALUES (4110,'Angulo','1 ' ,1 ,15.00,3);
INSERT INTO PRODUCTOS VALUES (4111,'Angulo','1 ' ,1 ,26.00,4);
INSERT INTO PRODUCTOS VALUES (4011,'Angulo','1 x 1/2 ' ,1 ,21.00,1);
INSERT INTO PRODUCTOS VALUES (4316,'Angulo','1 1/2 ' ,1 ,35.00,2);
INSERT INTO PRODUCTOS VALUES (4315,'Angulo','1 1/2 ' ,1 ,55.00,3);
INSERT INTO PRODUCTOS VALUES (4015,'Angulo','1 1/2 ' ,1 ,78.00,4);
INSERT INTO PRODUCTOS VALUES (4020,'Angulo','2 ' ,1 ,110.00,3);
INSERT INTO PRODUCTOS VALUES (3206,'Perfil U','3/8 ' ,1 ,6.50,1);
INSERT INTO PRODUCTOS VALUES (3004,'Perfil U','1/2 ' ,1 ,7.50,2);
INSERT INTO PRODUCTOS VALUES (3002,'Perfil U','1/2 ' ,1 ,11.00,3);
INSERT INTO PRODUCTOS VALUES (3007,'Perfil U','5/8 ' ,1 ,23.00,3);
INSERT INTO PRODUCTOS VALUES (3207,'Perfil U','5/8 ' ,1 ,13.00,2);
INSERT INTO PRODUCTOS VALUES (7003,'Perfil U','Pizarra',6,5.50,1);
INSERT INTO PRODUCTOS VALUES (3009,'Perfil U','Anclaje',7,26.00,1);
INSERT INTO PRODUCTOS VALUES (3210,'U con P/F','6 ' ,2,16.00,1);
INSERT INTO PRODUCTOS VALUES (3186,'Doble U con P/F','6 ' ,2,20.00,2);
INSERT INTO PRODUCTOS VALUES (3185,'Doble U con P/F','6 ' ,2,28.00,3);
INSERT INTO PRODUCTOS VALUES (3188,'Doble U con Doble P/F','6 ' ,2,28.00,2);
INSERT INTO PRODUCTOS VALUES (6108,'Perfil T','3/4 ' ,1 ,12.00,2);
INSERT INTO PRODUCTOS VALUES (6110,'Perfil T','1 ' ,1 ,16.00,2);
INSERT INTO PRODUCTOS VALUES (319,'Filete De Mesa','1/2 ' ,1 ,7.50,1);
INSERT INTO PRODUCTOS VALUES (220,'Filete De Mesa','3/4 ' ,1 ,8.50,1);
INSERT INTO PRODUCTOS VALUES (221,'Filete De Mesa','1 ' ,1 ,13.00,1);
INSERT INTO PRODUCTOS VALUES (235,'Tapajunta Media Luna','1/2 ' ,1 ,13.00,1);
INSERT INTO PRODUCTOS VALUES (236,'Tapajunta Media Luna','3/2 ' ,1 ,16.00,1);
INSERT INTO PRODUCTOS VALUES (304,'Tapajunta Media Luna','1 ' ,1 ,15.50,1);
INSERT INTO PRODUCTOS VALUES (2540,'Cantonera Sin Anclaje','1 1/2 ' ,1 ,19.00,1);
INSERT INTO PRODUCTOS VALUES (2542,'Cantonera Con Anclaje','1 1/2 ' ,1 ,20.00,2);
INSERT INTO PRODUCTOS VALUES (2544,'Cantonera Con Anclaje','1 1/2 ' ,1 ,35.00,4);
INSERT INTO PRODUCTOS VALUES (2543,'Cantonera Con Anclaje','1 1/2 ' ,1 ,39.00,5);
INSERT INTO PRODUCTOS VALUES (2550,'Cantonera Sin Anclaje','2 ' ,1 ,20.00,2);
INSERT INTO PRODUCTOS VALUES (2552,'Cantonera Con Anclaje','2 ' ,1 ,24.00,2);
INSERT INTO PRODUCTOS VALUES (2551,'Cantonera Con Anclaje','2 ' ,1 ,28.00,3);
INSERT INTO PRODUCTOS VALUES (2554,'Cantonera Con Anclaje','2 ' ,1 ,43.00,4);
INSERT INTO PRODUCTOS VALUES (2553,'Cantonera Con Anclaje','2 ' ,1 ,52.00,5);
INSERT INTO PRODUCTOS VALUES (8502,'Platina de Vitroven','Estandar',1,8.00,1);
INSERT INTO PRODUCTOS VALUES (8521,'Jamba de Vitroven','Estandar',1,20.00,1);
INSERT INTO PRODUCTOS VALUES (8114,'P/F Sin Aleta','6 ' ,2,4.80,2);
INSERT INTO PRODUCTOS VALUES (8115,'P/F Con Aleta','6 ' ,2,5.00,2);
INSERT INTO PRODUCTOS VALUES (8118,'P/F Con Aleta','6 ' ,2,6.00,3);
INSERT INTO PRODUCTOS VALUES (8116,'P/F Con Aleta','8 ' ,2,8.50,2);
INSERT INTO PRODUCTOS VALUES (8219,'H','6' ,2,27.00,3);
INSERT INTO PRODUCTOS VALUES (2248,'Riel de Mampara','8',2,25.00,3);
INSERT INTO PRODUCTOS VALUES (8313,'Riel de Ventana','6',2,14.00,3);

--------------------------------------------------------
--  DDL for Table UNIDAD_MEDIDA
--------------------------------------------------------
CREATE TABLE UNIDAD_MEDIDA 
(
	UNIDAD_ID INT, 
	UNIDAD_DESCRIPCION VARCHAR
);

INSERT INTO UNIDAD_MEDIDA VALUES (1,'Pulgada');
INSERT INTO UNIDAD_MEDIDA VALUES (2,'m.m.');
INSERT INTO UNIDAD_MEDIDA VALUES (3,'Estandar');
INSERT INTO UNIDAD_MEDIDA VALUES (4,'Precor');
INSERT INTO UNIDAD_MEDIDA VALUES (5,'Doble P/F');
INSERT INTO UNIDAD_MEDIDA VALUES (6,'Pizarra');
INSERT INTO UNIDAD_MEDIDA VALUES (7,'Anclaje');


--------------------------------------------------------
--  DDL for Table ESPESOR
--------------------------------------------------------
CREATE TABLE ESPESOR 
(
	ESPESOR_ID INT,
	ESPESOR_DESCRIPCION VARCHAR
);

INSERT INTO ESPESOR VALUES (1,'Estandar');
INSERT INTO ESPESOR VALUES (2,'Economico');
INSERT INTO ESPESOR VALUES (3,'Intermedio');
INSERT INTO ESPESOR VALUES (4,'Pesado');
INSERT INTO ESPESOR VALUES (5,'Industrial');
INSERT INTO ESPESOR VALUES (6,'Extra Economico');



--------------------------------------------------------
--  DDL for Table GESTOR_COMPRA
--------------------------------------------------------
CREATE TABLE GESTOR_COMPRA
(
	COMPRA_ID INT,
	COMPRA_IDPRODUCTO INT,
	COMPRA_STOCK INT,
	COMPRA_FECHA DATE,
	COMPRA_PRECIO NUMERIC(8,2),
	COMPRA_CANTIDAD NUMERIC(8,2)
);

SET DATESTYLE TO 'European';


--------------------------------------------------------
--  Ref Constraints for Table PRODUCTOS
--------------------------------------------------------
ALTER TABLE PRODUCTOS ADD CONSTRAINT PRODUCTOS_PK PRIMARY KEY (PRODUCTOS_ID);

ALTER TABLE PRODUCTOS 
ADD CONSTRAINT PRODUCTOS_FK_UNIDAD FOREIGN KEY (PRODUCTOS_UNIDAD) REFERENCES UNIDAD_MEDIDA (UNIDAD_ID);

ALTER TABLE PRODUCTOS 
ADD CONSTRAINT PRODUCTOS_FK_ESPESOR FOREIGN KEY (PRODUCTOS_ESPESOR) REFERENCES ESPESOR (ESPESOR_ID);

--------------------------------------------------------
--  Ref Constraints for Table GESTOR_COMPRA
--------------------------------------------------------
ALTER TABLE GESTOR_COMPRA ADD CONSTRAINT COMPRA_PK PRIMARY KEY (COMPRA_ID);

ALTER TABLE GESTOR_COMPRA 
ADD CONSTRAINT GESTOR_COMPRA_FK_PRODUCTO FOREIGN KEY (COMPRA_IDPRODUCTO) REFERENCES PRODUCTOS (PRODUCTOS_ID);
	

--------------------------------------------------------
--  Ref Constraints for Table UNIDAD_MEDIDA
--------------------------------------------------------
ALTER TABLE UNIDAD_MEDIDA ADD CONSTRAINT UNIDAD_PK PRIMARY KEY (UNIDAD_ID);


--------------------------------------------------------
--  Ref Constraints for Table ESPESOR
--------------------------------------------------------
ALTER TABLE ESPESOR ADD CONSTRAINT ESPESOR_PK PRIMARY KEY (ESPESOR_ID);



